"","Name","cluster","loc","height","width"
"182","Alanine",1.46943,1.46491,3.11897,1.3856
"183","Alanine",1.46943,1.47396,3.13131,1.3856
"184","Alanine",3.77789,3.7643,0.28912,1.1432
"185","Alanine",3.77789,3.77336,0.88965,1.1432
"186","Alanine",3.77789,3.78242,0.88083,1.1432
"187","Alanine",3.77789,3.79147,0.2788,1.1432
"188","Creatine",3.02566,3.02566,1.54297,1.1678
"189","Creatine",3.92048,3.92048,0.97389,1.3392
"190","Choline",3.18943,3.18882,6.74555,1.2426
"191","Choline",3.18943,3.18945,6.72967,1.245
"192","Choline",3.18943,3.19004,6.70658,1.2456
"193","Choline",3.50631,3.49767,0.03496,0.6736
"194","Choline",3.50631,3.49848,0.04812,0.6736
"195","Choline",3.50631,3.49951,0.44192,0.6736
"196","Choline",3.50631,3.50005,0.38679,0.6738
"197","Choline",3.50631,3.50028,0.44128,0.6736
"198","Choline",3.50631,3.50087,0.28188,0.6738
"199","Choline",3.50631,3.5017,0.12017,0.6738
"200","Choline",3.50631,3.50285,0.08975,0.6738
"201","Choline",3.50631,3.50387,0.52746,0.6736
"202","Choline",3.50631,3.50473,0.33809,0.6736
"203","Choline",3.50631,3.50561,0.48282,0.6736
"204","Choline",3.50631,3.5063,0.46891,0.6738
"205","Choline",3.50631,3.50648,0.32195,0.6736
"206","Choline",3.50631,3.50706,0.40481,0.6738
"207","Choline",3.50631,3.50794,0.33144,0.6738
"208","Choline",3.50631,3.50881,0.55249,0.6738
"209","Choline",3.50631,3.50992,0.16873,0.6736
"210","Choline",3.50631,3.51088,0.04559,0.6736
"211","Choline",3.50631,3.51186,0.36975,0.6736
"212","Choline",3.50631,3.5125,0.41313,0.6738
"213","Choline",3.50631,3.51267,0.43,0.6736
"214","Choline",3.50631,3.51326,0.44868,0.6738
"215","Choline",3.50631,3.51414,0.10843,0.6738
"216","Choline",3.50631,3.51496,0.02705,0.6738
"217","Choline",4.0569,4.04549,0.02461,0.6698
"218","Choline",4.0569,4.0463,0.00322,0.6698
"219","Choline",4.0569,4.04655,0.02267,0.6698
"220","Choline",4.0569,4.04723,0.24716,0.6698
"221","Choline",4.0569,4.04736,0.16083,0.6698
"222","Choline",4.0569,4.048,0.07535,0.6698
"223","Choline",4.0569,4.04834,0.04623,0.6698
"224","Choline",4.0569,4.04886,0.03094,0.6698
"225","Choline",4.0569,4.04916,0.00694,0.6698
"226","Choline",4.0569,4.04968,0.01665,0.6698
"227","Choline",4.0569,4.04993,0.01177,0.6698
"228","Choline",4.0569,4.05056,0.25047,0.6698
"229","Choline",4.0569,4.05074,0.23971,0.6698
"230","Choline",4.0569,4.05137,0.19039,0.6698
"231","Choline",4.0569,4.05169,0.03445,0.6698
"232","Choline",4.0569,4.05172,0.10517,0.6698
"233","Choline",4.0569,4.05224,0.01921,0.6698
"234","Choline",4.0569,4.0525,0.03209,0.6698
"235","Choline",4.0569,4.05253,0.01749,0.6698
"236","Choline",4.0569,4.05275,0.00883,0.6698
"237","Choline",4.0569,4.05305,0.01372,0.6698
"238","Choline",4.0569,4.0533,0.0186,0.6698
"239","Choline",4.0569,4.05338,0.10715,0.6698
"240","Choline",4.0569,4.05356,0.24073,0.6698
"241","Choline",4.0569,4.05393,0.25158,0.6698
"242","Choline",4.0569,4.05411,0.24945,0.6698
"243","Choline",4.0569,4.0542,0.12485,0.6698
"244","Choline",4.0569,4.05434,0.05262,0.6698
"245","Choline",4.0569,4.05438,0.06156,0.6698
"246","Choline",4.0569,4.05501,0.14086,0.6698
"247","Choline",4.0569,4.05509,0.06663,0.6698
"248","Choline",4.0569,4.05536,0.14441,0.6698
"249","Choline",4.0569,4.05591,0.01948,0.6698
"250","Choline",4.0569,4.05598,0.05268,0.6698
"251","Choline",4.0569,4.05612,0.13391,0.6698
"252","Choline",4.0569,4.05686,0.26642,0.6698
"253","Choline",4.0569,4.05694,0.14365,0.6698
"254","Choline",4.0569,4.05757,0.18646,0.6698
"255","Choline",4.0569,4.05789,0.07246,0.6698
"256","Choline",4.0569,4.05792,0.12013,0.6698
"257","Choline",4.0569,4.05844,0.02069,0.6698
"258","Choline",4.0569,4.0587,0.03001,0.6698
"259","Choline",4.0569,4.05873,0.1515,0.6698
"260","Choline",4.0569,4.05895,0.02193,0.6698
"261","Choline",4.0569,4.05925,0.03545,0.6698
"262","Choline",4.0569,4.0595,0.13672,0.6698
"263","Choline",4.0569,4.05958,0.10109,0.6698
"264","Choline",4.0569,4.05976,0.22324,0.6698
"265","Choline",4.0569,4.06013,0.25109,0.6698
"266","Choline",4.0569,4.06031,0.15574,0.6698
"267","Choline",4.0569,4.06045,0.14165,0.6698
"268","Choline",4.0569,4.06074,0.07366,0.6698
"269","Choline",4.0569,4.06095,0.05112,0.6698
"270","Choline",4.0569,4.06126,0.04946,0.6698
"271","Choline",4.0569,4.06129,0.0471,0.6698
"272","Choline",4.0569,4.06156,0.00984,0.6698
"273","Choline",4.0569,4.06208,0.03381,0.6698
"274","Choline",4.0569,4.06211,0.02598,0.6698
"275","Choline",4.0569,4.06232,0.09225,0.6698
"276","Choline",4.0569,4.06296,0.26969,0.6698
"277","Choline",4.0569,4.06314,0.21005,0.6698
"278","Choline",4.0569,4.06377,0.16093,0.6698
"279","Choline",4.0569,4.06412,0.03491,0.6698
"280","Choline",4.0569,4.06464,0.02503,0.6698
"281","Choline",4.0569,4.06493,0.01709,0.6698
"282","Choline",4.0569,4.06545,0.01052,0.6698
"283","Choline",4.0569,4.0657,0.02949,0.6698
"284","Choline",4.0569,4.06633,0.07766,0.6698
"285","Choline",4.0569,4.06662,0.28088,0.6698
"286","Choline",4.0569,4.06683,0.06216,0.6698
"287","Choline",4.0569,4.06728,0.06802,0.6698
"288","Choline",4.0569,4.06831,0.03306,0.6698
"496","2-Aminobutyrate",0.96765,0.95821,1.41173,0.9914
"497","2-Aminobutyrate",0.96765,0.96748,1.54755,0.9914
"498","2-Aminobutyrate",0.96765,0.96782,1.57757,0.9914
"499","2-Aminobutyrate",0.96765,0.97709,1.47408,0.9914
"500","2-Aminobutyrate",1.88724,1.84539,0.0221,1.2892
"501","2-Aminobutyrate",1.88724,1.8536,0.02087,1.2892
"502","2-Aminobutyrate",1.88724,1.85482,0.0626,1.2892
"503","2-Aminobutyrate",1.88724,1.86281,0.05905,1.2892
"504","2-Aminobutyrate",1.88724,1.86378,0.08213,1.2892
"505","2-Aminobutyrate",1.88724,1.86414,0.06012,1.2892
"506","2-Aminobutyrate",1.88724,1.87188,0.08067,1.2892
"507","2-Aminobutyrate",1.88724,1.87207,0.06152,1.2892
"508","2-Aminobutyrate",1.88724,1.87315,0.25213,1.2892
"509","2-Aminobutyrate",1.88724,1.87367,0.02291,1.2892
"510","2-Aminobutyrate",1.88724,1.87542,0.07886,1.2882
"511","2-Aminobutyrate",1.88724,1.88131,0.23652,1.2882
"512","2-Aminobutyrate",1.88724,1.88145,0.01968,1.2882
"513","2-Aminobutyrate",1.88724,1.88208,0.08679,1.2882
"514","2-Aminobutyrate",1.88724,1.88258,0.25212,1.2892
"515","2-Aminobutyrate",1.88724,1.88498,0.24831,1.2882
"516","2-Aminobutyrate",1.88724,1.89063,0.23555,1.2892
"517","2-Aminobutyrate",1.88724,1.89169,0.2628,1.2882
"518","2-Aminobutyrate",1.88724,1.89185,0.08482,1.2892
"519","2-Aminobutyrate",1.88724,1.8936,0.02049,1.2882
"520","2-Aminobutyrate",1.88724,1.89448,0.24911,1.2882
"521","2-Aminobutyrate",1.88724,1.90011,0.08067,1.2892
"522","2-Aminobutyrate",1.88724,1.90063,0.02049,1.2882
"523","2-Aminobutyrate",1.88724,1.90119,0.25579,1.2882
"524","2-Aminobutyrate",1.88724,1.90321,0.05823,1.2882
"525","2-Aminobutyrate",1.88724,1.90388,0.08331,1.2882
"526","2-Aminobutyrate",1.88724,1.90997,0.06146,1.2882
"527","2-Aminobutyrate",1.88724,1.91069,0.0825,1.2882
"528","2-Aminobutyrate",1.88724,1.91282,0.06146,1.2882
"529","2-Aminobutyrate",1.88724,1.91953,0.05904,1.2882
"530","2-Aminobutyrate",1.88724,1.92232,0.01807,1.2882
"531","2-Aminobutyrate",1.88724,1.92909,0.01887,1.2882
"532","2-Aminobutyrate",3.70678,3.6994,0.48806,0.9974
"533","2-Aminobutyrate",3.70678,3.70614,0.53071,0.9974
"534","2-Aminobutyrate",3.70678,3.70745,0.48461,0.9974
"535","2-Aminobutyrate",3.70678,3.71416,0.4769,0.9974
"651","2-Hydroxybutyrate",0.88752,0.87818,0.33687,1.1309
"652","2-Hydroxybutyrate",0.88752,0.88747,0.33009,1.1309
"653","2-Hydroxybutyrate",0.88752,0.88756,0.37598,1.1309
"654","2-Hydroxybutyrate",0.88752,0.89686,0.35031,1.1309
"655","2-Hydroxybutyrate",1.64207,1.61516,0.01008,1.3675
"656","2-Hydroxybutyrate",1.64207,1.62346,0.01169,1.3675
"657","2-Hydroxybutyrate",1.64207,1.62446,0.02977,1.3675
"658","2-Hydroxybutyrate",1.64207,1.63276,0.03398,1.3675
"659","2-Hydroxybutyrate",1.64207,1.63278,0.01471,1.3675
"660","2-Hydroxybutyrate",1.64207,1.63376,0.02828,1.3675
"661","2-Hydroxybutyrate",1.64207,1.64108,0.01676,1.3675
"662","2-Hydroxybutyrate",1.64207,1.64206,0.02782,1.3675
"663","2-Hydroxybutyrate",1.64207,1.64208,0.05008,1.3675
"664","2-Hydroxybutyrate",1.64207,1.64306,0.00811,1.3675
"665","2-Hydroxybutyrate",1.64207,1.65038,0.0476,1.3675
"666","2-Hydroxybutyrate",1.64207,1.65136,0.00998,1.3675
"667","2-Hydroxybutyrate",1.64207,1.65137,0.04446,1.3675
"668","2-Hydroxybutyrate",1.64207,1.65967,0.04619,1.3675
"669","2-Hydroxybutyrate",1.64207,1.66067,0.01347,1.3675
"670","2-Hydroxybutyrate",1.64207,1.66897,0.01443,1.3675
"671","2-Hydroxybutyrate",1.72922,1.70356,0.01582,1.3705
"672","2-Hydroxybutyrate",1.72922,1.70912,0.01599,1.3705
"673","2-Hydroxybutyrate",1.72922,1.71294,0.04712,1.3705
"674","2-Hydroxybutyrate",1.72922,1.7185,0.04753,1.3705
"675","2-Hydroxybutyrate",1.72922,1.72117,0.01033,1.3705
"676","2-Hydroxybutyrate",1.72922,1.72232,0.04582,1.3705
"677","2-Hydroxybutyrate",1.72922,1.72673,0.0098,1.3705
"678","2-Hydroxybutyrate",1.72922,1.72788,0.04696,1.3705
"679","2-Hydroxybutyrate",1.72922,1.73056,0.03078,1.3705
"680","2-Hydroxybutyrate",1.72922,1.73171,0.01496,1.3705
"681","2-Hydroxybutyrate",1.72922,1.73611,0.03081,1.3705
"682","2-Hydroxybutyrate",1.72922,1.73726,0.01546,1.3705
"683","2-Hydroxybutyrate",1.72922,1.73994,0.03147,1.3705
"684","2-Hydroxybutyrate",1.72922,1.7455,0.03023,1.3705
"685","2-Hydroxybutyrate",1.72922,1.74932,0.00989,1.3705
"686","2-Hydroxybutyrate",1.72922,1.75488,0.01098,1.3705
"687","2-Hydroxybutyrate",3.99356,3.98663,0.07226,1.7613
"688","2-Hydroxybutyrate",3.99356,3.99219,0.07439,1.7613
"689","2-Hydroxybutyrate",3.99356,3.99493,0.07151,1.7613
"690","2-Hydroxybutyrate",3.99356,4.00048,0.06987,1.7613
"1162","2-Oxoglutarate",2.42906,2.42045,1.1679,1.1916
"1163","2-Oxoglutarate",2.42906,2.42906,2.43839,1.1916
"1164","2-Oxoglutarate",2.42906,2.43766,1.22213,1.1916
"1165","2-Oxoglutarate",2.99593,2.98732,1.25884,1.1577
"1166","2-Oxoglutarate",2.99593,2.99593,2.486,1.1577
"1167","2-Oxoglutarate",2.99593,3.00453,1.17138,1.1577
"1420","3-Hydroxybutyrate",1.18797,1.18405,3.45853,1.2346
"1421","3-Hydroxybutyrate",1.18797,1.19188,3.47174,1.2346
"1422","3-Hydroxybutyrate",2.29736,2.28448,0.5375,1.1
"1423","3-Hydroxybutyrate",2.29736,2.29228,0.54238,1.1
"1424","3-Hydroxybutyrate",2.29736,2.30245,0.78076,1.1
"1425","3-Hydroxybutyrate",2.29736,2.31025,0.7851,1.1
"1426","3-Hydroxybutyrate",2.39273,2.37914,0.7077,1.2285
"1427","3-Hydroxybutyrate",2.39273,2.38835,0.7109,1.2285
"1428","3-Hydroxybutyrate",2.39273,2.39711,0.48576,1.2285
"1429","3-Hydroxybutyrate",2.39273,2.40631,0.49272,1.2285
"1430","3-Hydroxybutyrate",4.14273,4.12249,0.06022,1.329
"1431","3-Hydroxybutyrate",4.14273,4.13029,0.06427,1.329
"1432","3-Hydroxybutyrate",4.14273,4.13032,0.18489,1.329
"1433","3-Hydroxybutyrate",4.14273,4.13169,0.06141,1.329
"1434","3-Hydroxybutyrate",4.14273,4.13812,0.19856,1.329
"1435","3-Hydroxybutyrate",4.14273,4.13814,0.17803,1.329
"1436","3-Hydroxybutyrate",4.14273,4.1395,0.08628,1.329
"1437","3-Hydroxybutyrate",4.14273,4.13952,0.16072,1.329
"1438","3-Hydroxybutyrate",4.14273,4.14595,0.15976,1.329
"1439","3-Hydroxybutyrate",4.14273,4.14597,0.08575,1.329
"1440","3-Hydroxybutyrate",4.14273,4.14732,0.20805,1.329
"1441","3-Hydroxybutyrate",4.14273,4.14735,0.16748,1.329
"1442","3-Hydroxybutyrate",4.14273,4.15377,0.05971,1.329
"1443","3-Hydroxybutyrate",4.14273,4.15515,0.17969,1.329
"1444","3-Hydroxybutyrate",4.14273,4.15518,0.06587,1.329
"1445","3-Hydroxybutyrate",4.14273,4.16298,0.0588,1.329
"2712","Acetate",1.90883,1.90883,0.78383,0.8591
"2713","Acetoacetate",2.26932,2.26858,0.96673,0.8498
"2714","Acetoacetate",2.26932,2.26932,1.61687,0.8498
"2715","Acetoacetate",2.26932,2.27007,0.69578,0.8498
"2716","Acetoacetate",3.43702,3.4359,0.29978,0.8961
"2717","Acetoacetate",3.43702,3.43665,0.75288,0.8961
"2718","Acetoacetate",3.43702,3.43739,0.748,0.8961
"2719","Acetoacetate",3.43702,3.43813,0.23491,0.8961
"2720","Acetone",2.22158,2.22158,1.28997,0.8747
"2882","Alanine",1.46943,1.46491,3.11897,1.3856
"2883","Alanine",1.46943,1.47396,3.13131,1.3856
"2884","Alanine",3.77789,3.7643,0.28912,1.1432
"2885","Alanine",3.77789,3.77336,0.88965,1.1432
"2886","Alanine",3.77789,3.78242,0.88083,1.1432
"2887","Alanine",3.77789,3.79147,0.2788,1.1432
"3368","Asparagine",2.8506,2.83469,0.04642,1.5449
"3369","Asparagine",2.8506,2.83574,0.32059,1.5369
"3370","Asparagine",2.8506,2.84427,0.04026,1.5449
"3371","Asparagine",2.8506,2.84539,0.3238,1.5369
"3372","Asparagine",2.8506,2.8558,0.07127,1.5449
"3373","Asparagine",2.8506,2.85686,0.4985,1.5369
"3374","Asparagine",2.8506,2.86538,0.07068,1.5449
"3375","Asparagine",2.8506,2.8665,0.51293,1.5369
"3376","Asparagine",2.94345,2.92975,0.07701,1.6196
"3377","Asparagine",2.94345,2.93076,0.49309,1.619
"3378","Asparagine",2.94345,2.93502,0.0682,1.6196
"3379","Asparagine",2.94345,2.93603,0.50799,1.619
"3380","Asparagine",2.94345,2.95085,0.03949,1.6196
"3381","Asparagine",2.94345,2.95187,0.32489,1.619
"3382","Asparagine",2.94345,2.95612,0.03609,1.6196
"3383","Asparagine",2.94345,2.95715,0.31918,1.619
"3384","Asparagine",3.99887,3.99123,0.07868,1.1822
"3385","Asparagine",3.99887,3.99159,0.49896,1.1829
"3386","Asparagine",3.99887,3.9965,0.0774,1.1822
"3387","Asparagine",3.99887,3.99687,0.52748,1.1829
"3388","Asparagine",3.99887,4.00081,0.0708,1.1822
"3389","Asparagine",3.99887,4.00123,0.51958,1.1829
"3390","Asparagine",3.99887,4.00609,0.06239,1.1822
"3391","Asparagine",3.99887,4.00651,0.50072,1.1829
"3392","Asparagine",6.90827,6.90827,0.00266,33.9383
"3393","Asparagine",7.62446,7.62446,0,35.7902
"4866","Citrate",2.52794,2.51802,1.12398,2.2555
"4867","Citrate",2.52794,2.53786,1.42261,2.2555
"4868","Citrate",2.67786,2.66794,1.12908,2.9121
"4869","Citrate",2.67786,2.68778,0.85882,2.9121
"4872","Creatinine",3.03325,3.03268,1.95788,1.0984
"4873","Creatinine",3.03325,3.03325,4.09121,1.0984
"4874","Creatinine",3.03325,3.03383,1.71188,1.0984
"4875","Creatinine",4.04619,4.04533,0.79001,0.9829
"4876","Creatinine",4.04619,4.0459,2.03448,0.9829
"4877","Creatinine",4.04619,4.04648,2.03201,0.9829
"4878","Creatinine",4.04619,4.04705,0.78306,0.9829
"4908","Dimethyl sulfone",3.14131,3.14131,20.02649,0.9111
"5150","Ethanol",1.1726,1.16374,1.15116,0.8966
"5151","Ethanol",1.1726,1.1726,2.27578,0.9321
"5152","Ethanol",1.1726,1.18146,1.14699,0.9329
"5153","Ethanol",3.64842,3.63512,0.37653,1.0165
"5154","Ethanol",3.64842,3.64398,1.13732,1.0027
"5155","Ethanol",3.64842,3.65284,1.12646,1.0165
"5156","Ethanol",3.64842,3.66171,0.36884,1.0579
"5194","Glycine",3.55388,3.55388,5.57488,0.9785
"5637","Glycerol",1.4794,3.5417,1.05892,1.1949
"5638","Glycerol",1.4794,3.54986,1.14308,1.1949
"5639","Glycerol",1.4794,3.55638,1.43457,1.1949
"5640","Glycerol",1.4794,3.56454,1.54664,1.1949
"5641","Glycerol",3.64518,3.63512,1.41553,1.2156
"5642","Glycerol",3.64518,3.64056,1.56841,1.2156
"5643","Glycerol",3.64518,3.6498,1.03513,1.2156
"5644","Glycerol",3.64518,3.65524,1.14546,1.2156
"5645","Glycerol",3.7768,3.76322,0.1544,1.3055
"5646","Glycerol",3.7768,3.76865,0.29027,1.3055
"5647","Glycerol",3.7768,3.77137,0.28016,1.3055
"5648","Glycerol",3.7768,3.77409,0.14349,1.3055
"5649","Glycerol",3.7768,3.7768,0.53599,1.3055
"5650","Glycerol",3.7768,3.77952,0.13742,1.3055
"5651","Glycerol",3.7768,3.78224,0.24702,1.3055
"5652","Glycerol",3.7768,3.78496,0.24173,1.3055
"5653","Glycerol",3.7768,3.79039,0.11274,1.3055
"5704","Galactose",3.48245,3.4713,0.3502,1.2388
"5705","Galactose",3.48245,3.48119,0.34119,1.2388
"5706","Galactose",3.48245,3.48372,0.42331,1.2388
"5707","Galactose",3.48245,3.4936,0.41834,1.2388
"5708","Galactose",3.64108,3.63271,0.41941,1.1982
"5709","Galactose",3.64108,3.63703,0.44676,1.1982
"5710","Galactose",3.64108,3.64513,0.36459,1.1982
"5711","Galactose",3.64108,3.64944,0.3718,1.1982
"5712","Galactose",3.69542,3.68713,0.1258,1.285
"5713","Galactose",3.69542,3.68844,0.16409,1.285
"5714","Galactose",3.69542,3.69266,0.13114,1.285
"5715","Galactose",3.69542,3.69397,0.21056,1.285
"5716","Galactose",3.69542,3.69687,0.15791,1.285
"5717","Galactose",3.69542,3.69818,0.22002,1.285
"5718","Galactose",3.69542,3.70241,0.19682,1.285
"5719","Galactose",3.69542,3.70371,0.17935,1.285
"5720","Galactose",3.71704,3.70448,0.13403,1.3891
"5721","Galactose",3.71704,3.71391,0.01714,1.3891
"5722","Galactose",3.71704,3.72016,0.26109,1.3891
"5723","Galactose",3.71704,3.72959,0.07762,1.3891
"5724","Galactose",3.73729,3.72642,0.24572,1.2828
"5725","Galactose",3.73729,3.73249,0.28857,1.2828
"5726","Galactose",3.73729,3.7421,0.06828,1.2828
"5727","Galactose",3.73729,3.74817,0.12672,1.2828
"5728","Galactose",3.73906,3.72898,0.40028,1.2535
"5729","Galactose",3.73906,3.73451,0.1497,1.2535
"5730","Galactose",3.73906,3.74361,0.59189,1.2535
"5731","Galactose",3.73906,3.74915,0.35526,1.2535
"5732","Galactose",3.76504,3.75285,0.62077,1.3615
"5733","Galactose",3.76504,3.76259,0.45541,1.3615
"5734","Galactose",3.76504,3.76748,0.18421,1.3615
"5735","Galactose",3.76504,3.77722,0.14391,1.3615
"5736","Galactose",3.79776,3.78891,0.13349,1.2897
"5737","Galactose",3.79776,3.79373,0.1379,1.2897
"5738","Galactose",3.79776,3.8018,0.2379,1.2897
"5739","Galactose",3.79776,3.80662,0.24807,1.2897
"5740","Galactose",3.8472,3.83869,0.21627,1.2607
"5741","Galactose",3.8472,3.84282,0.22666,1.2607
"5742","Galactose",3.8472,3.85158,0.12032,1.2607
"5743","Galactose",3.8472,3.85571,0.13862,1.2607
"5744","Galactose",3.92338,3.92057,0.30463,1.3005
"5745","Galactose",3.92338,3.92188,0.42348,1.3005
"5746","Galactose",3.92338,3.92489,0.31112,1.3005
"5747","Galactose",3.92338,3.9262,0.41968,1.3005
"5748","Galactose",3.98143,3.97864,0.19036,1.4316
"5749","Galactose",3.98143,3.98007,0.14539,1.4316
"5750","Galactose",3.98143,3.98278,0.14653,1.4316
"5751","Galactose",3.98143,3.98421,0.17588,1.4316
"5752","Galactose",4.0747,4.06624,0.07595,1.5024
"5753","Galactose",4.0747,4.06766,0.08014,1.5024
"5754","Galactose",4.0747,4.0723,0.06676,1.5024
"5755","Galactose",4.0747,4.07373,0.08855,1.5024
"5756","Galactose",4.0747,4.07567,0.08687,1.5024
"5757","Galactose",4.0747,4.0771,0.05994,1.5024
"5758","Galactose",4.0747,4.08174,0.07502,1.5024
"5759","Galactose",4.0747,4.08316,0.07074,1.5024
"5760","Galactose",4.57784,4.5729,0.62545,1.02
"5761","Galactose",4.57784,4.58278,0.60449,1.02
"5762","Galactose",5.25874,5.25633,0.28402,1.5215
"5763","Galactose",5.25874,5.26115,0.28502,1.5215
"5870","Glutamate",2.04328,2.02013,0.01669,1.6855
"5871","Glutamate",2.04328,2.02846,0.01529,1.6855
"5872","Glutamate",2.04328,2.0292,0.01763,1.6855
"5873","Glutamate",2.04328,2.03051,0.01864,1.6855
"5874","Glutamate",2.04328,2.03753,0.01594,1.6855
"5875","Glutamate",2.04328,2.03865,0.01884,1.6855
"5876","Glutamate",2.04328,2.03884,0.028,1.6855
"5877","Glutamate",2.04328,2.03957,0.01624,1.6855
"5878","Glutamate",2.04328,2.04699,0.02771,1.6855
"5879","Glutamate",2.04328,2.04772,0.02128,1.6855
"5880","Glutamate",2.04328,2.04791,0.01984,1.6855
"5881","Glutamate",2.04328,2.04903,0.03196,1.6855
"5882","Glutamate",2.04328,2.05605,0.02698,1.6855
"5883","Glutamate",2.04328,2.05736,0.02481,1.6855
"5884","Glutamate",2.04328,2.0581,0.03363,1.6855
"5885","Glutamate",2.04328,2.06643,0.02956,1.6855
"5886","Glutamate",2.12016,2.09838,0.02675,1.6006
"5887","Glutamate",2.12016,2.1042,0.02764,1.6006
"5888","Glutamate",2.12016,2.1074,0.0299,1.6006
"5889","Glutamate",2.12016,2.10856,0.02629,1.6006
"5890","Glutamate",2.12016,2.11323,0.03071,1.6006
"5891","Glutamate",2.12016,2.11438,0.02757,1.6006
"5892","Glutamate",2.12016,2.1169,0.01919,1.6006
"5893","Glutamate",2.12016,2.11759,0.02889,1.6006
"5894","Glutamate",2.12016,2.12272,0.01665,1.6006
"5895","Glutamate",2.12016,2.12341,0.031,1.6006
"5896","Glutamate",2.12016,2.12593,0.01997,1.6006
"5897","Glutamate",2.12016,2.12709,0.01745,1.6006
"5898","Glutamate",2.12016,2.13175,0.01895,1.6006
"5899","Glutamate",2.12016,2.13291,0.0174,1.6006
"5900","Glutamate",2.12016,2.13611,0.01991,1.6006
"5901","Glutamate",2.12016,2.14193,0.01972,1.6006
"5902","Glutamate",2.33097,2.3118,0.01473,1.4139
"5903","Glutamate",2.33097,2.32013,0.01645,1.4139
"5904","Glutamate",2.33097,2.32198,0.00932,1.4139
"5905","Glutamate",2.33097,2.33031,0.00944,1.4139
"5906","Glutamate",2.33097,2.33162,0.09971,1.4139
"5907","Glutamate",2.33097,2.33996,0.09225,1.4139
"5908","Glutamate",2.33097,2.34181,0.09931,1.4139
"5909","Glutamate",2.33097,2.35014,0.0846,1.4139
"5910","Glutamate",2.35724,2.33762,0.09595,1.4705
"5911","Glutamate",2.35724,2.34665,0.09543,1.4705
"5912","Glutamate",2.35724,2.348,0.08821,1.4705
"5913","Glutamate",2.35724,2.35703,0.08553,1.4705
"5914","Glutamate",2.35724,2.35745,0.00944,1.4705
"5915","Glutamate",2.35724,2.36648,0.00904,1.4705
"5916","Glutamate",2.35724,2.36783,0.01547,1.4705
"5917","Glutamate",2.35724,2.37685,0.01178,1.4705
"5918","Glutamate",3.75027,3.74283,0.10943,1.3477
"5919","Glutamate",3.75027,3.74865,0.11612,1.3477
"5920","Glutamate",3.75027,3.75189,0.11162,1.3477
"5921","Glutamate",3.75027,3.75772,0.10712,1.3477
"5922","Glutamine",2.11224,2.0892,0.00794,1.7073
"5923","Glutamine",2.11224,2.09731,0.00629,1.7073
"5924","Glutamine",2.11224,2.09774,0.00972,1.7073
"5925","Glutamine",2.11224,2.10038,0.00682,1.7073
"5926","Glutamine",2.11224,2.10584,0.00755,1.7073
"5927","Glutamine",2.11224,2.10745,0.03985,1.7073
"5928","Glutamine",2.11224,2.10849,0.00755,1.7073
"5929","Glutamine",2.11224,2.10892,0.00478,1.7073
"5930","Glutamine",2.11224,2.11555,0.04794,1.7073
"5931","Glutamine",2.11224,2.11598,0.02959,1.7073
"5932","Glutamine",2.11224,2.11703,0.00295,1.7073
"5933","Glutamine",2.11224,2.11863,0.04733,1.7073
"5934","Glutamine",2.11224,2.12409,0.04911,1.7073
"5935","Glutamine",2.11224,2.12674,0.03537,1.7073
"5936","Glutamine",2.11224,2.12717,0.04694,1.7073
"5937","Glutamine",2.11224,2.13527,0.0379,1.7073
"5938","Glutamine",2.13919,2.1167,0.0408,1.4829
"5939","Glutamine",2.13919,2.12404,0.03957,1.4829
"5940","Glutamine",2.13919,2.1254,0.03681,1.4829
"5941","Glutamine",2.13919,2.12739,0.04574,1.4829
"5942","Glutamine",2.13919,2.13273,0.04962,1.4829
"5943","Glutamine",2.13919,2.13472,0.00723,1.4829
"5944","Glutamine",2.13919,2.13495,0.05026,1.4829
"5945","Glutamine",2.13919,2.13609,0.04449,1.4829
"5946","Glutamine",2.13919,2.14228,0.009,1.4829
"5947","Glutamine",2.13919,2.14342,0.03759,1.4829
"5948","Glutamine",2.13919,2.14365,0.0162,1.4829
"5949","Glutamine",2.13919,2.14564,0.01158,1.4829
"5950","Glutamine",2.13919,2.15098,0.00766,1.4829
"5951","Glutamine",2.13919,2.15297,0.01007,1.4829
"5952","Glutamine",2.13919,2.15434,0.00976,1.4829
"5953","Glutamine",2.13919,2.16167,0.0097,1.4829
"5954","Glutamine",2.42812,2.40885,0.02024,1.8506
"5955","Glutamine",2.42812,2.41739,0.0205,1.8506
"5956","Glutamine",2.42812,2.41953,0.0159,1.8506
"5957","Glutamine",2.42812,2.42807,0.02128,1.8506
"5958","Glutamine",2.42812,2.42816,0.06948,1.8506
"5959","Glutamine",2.42812,2.4367,0.07096,1.8506
"5960","Glutamine",2.42812,2.43885,0.07651,1.8506
"5961","Glutamine",2.42812,2.44739,0.06819,1.8506
"5962","Glutamine",2.46078,2.44118,0.06931,1.8206
"5963","Glutamine",2.46078,2.44988,0.07816,1.8206
"5964","Glutamine",2.46078,2.45236,0.06356,1.8206
"5965","Glutamine",2.46078,2.4605,0.04529,1.8206
"5966","Glutamine",2.46078,2.46106,0.04143,1.8206
"5967","Glutamine",2.46078,2.4692,0.01918,1.8206
"5968","Glutamine",2.46078,2.47168,0.0183,1.8206
"5969","Glutamine",2.46078,2.48038,0.01757,1.8206
"5970","Glutamine",3.76652,3.7588,0.11454,1.3669
"5971","Glutamine",3.76652,3.76613,0.12879,1.3669
"5972","Glutamine",3.76652,3.76691,0.1141,1.3669
"5973","Glutamine",3.76652,3.77424,0.11203,1.3669
"5974","Glutamine",6.86943,6.86943,0.0015,42.0518
"5975","Glutamine",7.58991,7.58991,0.00026,55.1014
"6431","Methionine",2.11127,2.0885,0.05287,1.4997
"6432","Methionine",2.11127,2.0973,0.06643,1.4997
"6433","Methionine",2.11127,2.09746,0.04442,1.4997
"6434","Methionine",2.11127,2.09795,0.05158,1.4997
"6435","Methionine",2.11127,2.10626,0.0513,1.4997
"6436","Methionine",2.11127,2.10675,0.04716,1.4997
"6437","Methionine",2.11127,2.10683,0.11802,1.4997
"6438","Methionine",2.11127,2.10691,0.03586,1.4997
"6439","Methionine",2.11127,2.11563,0.06974,1.4997
"6440","Methionine",2.11127,2.11571,0.04141,1.4997
"6441","Methionine",2.11127,2.11579,0.11653,1.4997
"6442","Methionine",2.11127,2.11628,0.11648,1.4997
"6443","Methionine",2.11127,2.12459,0.08773,1.4997
"6444","Methionine",2.11127,2.12508,0.09249,1.4997
"6445","Methionine",2.11127,2.12524,0.02545,1.4997
"6446","Methionine",2.11127,2.13404,0.08863,1.4997
"6447","Methionine",2.12714,2.12714,4.49035,1.0551
"6448","Methionine",2.19132,2.16907,0.08061,1.5891
"6449","Methionine",2.19132,2.17566,0.08129,1.5891
"6450","Methionine",2.19132,2.1786,0.10117,1.5891
"6451","Methionine",2.19132,2.17911,0.07807,1.5891
"6452","Methionine",2.19132,2.18519,0.09488,1.5891
"6453","Methionine",2.19132,2.1857,0.0889,1.5891
"6454","Methionine",2.19132,2.18741,0.0475,1.5891
"6455","Methionine",2.19132,2.18863,0.08668,1.5891
"6456","Methionine",2.19132,2.194,0.04872,1.5891
"6457","Methionine",2.19132,2.19523,0.09455,1.5891
"6458","Methionine",2.19132,2.19693,0.04127,1.5891
"6459","Methionine",2.19132,2.19744,0.05711,1.5891
"6460","Methionine",2.19132,2.20352,0.03601,1.5891
"6461","Methionine",2.19132,2.20403,0.06095,1.5891
"6462","Methionine",2.19132,2.20697,0.05877,1.5891
"6463","Methionine",2.19132,2.21356,0.06598,1.5891
"6464","Methionine",2.63383,2.60727,0.00191,1.3076
"6465","Methionine",2.63383,2.61672,0.00276,1.3076
"6466","Methionine",2.63383,2.6168,0.0038,1.3076
"6467","Methionine",2.63383,2.62415,0.41819,1.3076
"6468","Methionine",2.63383,2.62469,0.28256,1.1852
"6469","Methionine",2.63383,2.62625,0.01797,1.3076
"6470","Methionine",2.63383,2.63349,0.35448,1.1852
"6471","Methionine",2.63383,2.6336,0.22115,1.3076
"6472","Methionine",2.63383,2.63367,0.40591,1.3076
"6473","Methionine",2.63383,2.63472,0.34777,1.1852
"6474","Methionine",2.63383,2.64156,0.02054,1.1852
"6475","Methionine",2.63383,2.64312,0.30282,1.3076
"6476","Methionine",2.63383,2.64352,0.31917,1.1852
"6477","Methionine",2.63383,2.65036,0.00132,1.1852
"6478","Methionine",2.63383,2.6516,0.00293,1.1852
"6479","Methionine",2.63383,2.6604,0.00059,1.1852
"6480","Methionine",3.85385,3.84608,0.31486,1.3692
"6481","Methionine",3.85385,3.85267,0.32984,1.3692
"6482","Methionine",3.85385,3.85504,0.3197,1.3692
"6483","Methionine",3.85385,3.86163,0.30879,1.3692
"6559","N,N-Dimethylglycine",2.91471,2.91471,4.79264,1.0954
"6560","N,N-Dimethylglycine",3.71077,3.71077,1.53377,1.0857
"6909","lactate",1.31865,1.31432,4.01119,1.1351
"6910","lactate",1.31865,1.32299,4.02272,1.1351
"6911","lactate",4.10834,4.09535,0.22032,1.5273
"6912","lactate",4.10834,4.10401,0.66796,1.5273
"6913","lactate",4.10834,4.11267,0.65842,1.5273
"6914","lactate",4.10834,4.12134,0.21124,1.5273
"6915","succinate",2.39457,2.39457,11.32049,1.0149
"6916","Trimethylamine N-oxide",3.25457,3.25457,26.09217,0.984
"6923","Threonine",1.3178,1.31368,1.6945,1.2914
"6924","Threonine",1.3178,1.32192,1.70591,1.2914
"6925","Threonine",3.58348,3.58046,0.70283,1.0798
"6926","Threonine",3.58348,3.58649,0.71354,1.0798
"6927","Threonine",4.25316,4.23779,0.06095,1.4505
"6928","Threonine",4.25316,4.24382,0.0576,1.4505
"6929","Threonine",4.25316,4.24602,0.20182,1.4505
"6930","Threonine",4.25316,4.25206,0.1959,1.4505
"6931","Threonine",4.25316,4.25426,0.19821,1.4505
"6932","Threonine",4.25316,4.26029,0.19806,1.4505
"6933","Threonine",4.25316,4.26249,0.05867,1.4505
"6934","Threonine",4.25316,4.26853,0.05971,1.4505
"6935","Pyruvate",2.36344,2.36344,1.29026,0.9129
"6943","Valine",0.97808,0.97371,3.42492,1.4202
"6944","Valine",0.97808,0.98246,3.46701,1.4202
"6945","Valine",1.03089,1.0265,3.3722,1.4334
"6946","Valine",1.03089,1.03529,3.41239,1.4334
"6947","Valine",2.26329,2.23425,0.01416,1.8555
"6948","Valine",2.26329,2.23969,0.01422,1.8555
"6949","Valine",2.26329,2.24301,0.04434,1.8555
"6950","Valine",2.26329,2.24304,0.04414,1.8555
"6951","Valine",2.26329,2.24845,0.04697,1.8555
"6952","Valine",2.26329,2.24848,0.04239,1.8555
"6953","Valine",2.26329,2.25176,0.04636,1.8555
"6954","Valine",2.26329,2.25179,0.13843,1.8555
"6955","Valine",2.26329,2.25183,0.03818,1.8555
"6956","Valine",2.26329,2.25721,0.06793,1.8555
"6957","Valine",2.26329,2.25724,0.14333,1.8555
"6958","Valine",2.26329,2.25727,0.01445,1.8555
"6959","Valine",2.26329,2.26052,0.01434,1.8555
"6960","Valine",2.26329,2.26055,0.15853,1.8555
"6961","Valine",2.26329,2.26058,0.10968,1.8555
"6962","Valine",2.26329,2.26061,0.01281,1.8555
"6963","Valine",2.26329,2.26597,0.01827,1.8555
"6964","Valine",2.26329,2.266,0.18329,1.8555
"6965","Valine",2.26329,2.26603,0.09062,1.8555
"6966","Valine",2.26329,2.26606,0.00847,1.8555
"6967","Valine",2.26329,2.26931,0.04284,1.8555
"6968","Valine",2.26329,2.26934,0.13087,1.8555
"6969","Valine",2.26329,2.26937,0.03941,1.8555
"6970","Valine",2.26329,2.27476,0.07023,1.8555
"6971","Valine",2.26329,2.27479,0.13082,1.8555
"6972","Valine",2.26329,2.27482,0.0181,1.8555
"6973","Valine",2.26329,2.2781,0.03708,1.8555
"6974","Valine",2.26329,2.27813,0.04209,1.8555
"6975","Valine",2.26329,2.28354,0.04892,1.8555
"6976","Valine",2.26329,2.28358,0.03471,1.8555
"6977","Valine",2.26329,2.28689,0.0108,1.8555
"6978","Valine",2.26329,2.29233,0.01285,1.8555
"6979","Valine",3.60436,3.60164,1.51431,1.1301
"6980","Valine",3.60436,3.60709,1.50105,1.1301
"7115","Histidine",3.12946,3.11442,0.22071,1.4903
"7116","Histidine",3.12946,3.11519,0.20138,1.4903
"7117","Histidine",3.12946,3.12432,0.21966,1.4903
"7118","Histidine",3.12946,3.12509,0.20821,1.4903
"7119","Histidine",3.12946,3.13383,0.31413,1.4903
"7120","Histidine",3.12946,3.1346,0.29763,1.4903
"7121","Histidine",3.12946,3.14373,0.31409,1.4903
"7122","Histidine",3.23056,3.1445,0.31291,1.4903
"7123","Histidine",3.23056,3.21727,0.32747,1.3902
"7124","Histidine",3.23056,3.21836,0.32502,1.3902
"7125","Histidine",3.23056,3.22337,0.33605,1.3902
"7126","Histidine",3.23056,3.22446,0.32663,1.3902
"7127","Histidine",3.23056,3.23667,0.22183,1.3902
"7128","Histidine",3.23056,3.23776,0.22649,1.3902
"7129","Histidine",3.23056,3.24277,0.22467,1.3902
"7130","Histidine",3.23056,3.24386,0.22127,1.3902
"7131","Histidine",3.97902,3.97102,0.65021,1.1811
"7132","Histidine",3.97902,3.97712,0.69559,1.1811
"7133","Histidine",3.97902,3.98092,0.66485,1.1811
"7134","Histidine",3.97902,3.98702,0.61419,1.1811
"7135","Histidine",7.07741,7.07573,0.26173,1.014
"7136","Histidine",7.07741,7.0765,0.39674,1.014
"7137","Histidine",7.07741,7.07682,0.21541,1.014
"7138","Histidine",7.07741,7.07723,0.32859,1.014
"7139","Histidine",7.07741,7.07759,0.25743,1.014
"7140","Histidine",7.07741,7.07799,0.28664,1.014
"7141","Histidine",7.07741,7.07832,0.35418,1.014
"7142","Histidine",7.07741,7.07908,0.27478,1.014
"7143","Histidine",7.85136,7.85062,0.80435,1.3875
"7144","Histidine",7.85136,7.85211,0.76148,1.3875
"7145","Tyrosine",3.04398,3.02988,0.0049,2.0517
"7146","Tyrosine",3.04398,3.0397,0.00495,2.0517
"7147","Tyrosine",3.04398,3.04824,0.00635,2.0517
"7148","Tyrosine",3.04398,3.05809,0.00639,2.0517
"7149","Tyrosine",3.18796,3.17557,0.006,2.0337
"7150","Tyrosine",3.18796,3.18192,0.00596,2.0337
"7151","Tyrosine",3.18796,3.194,0.00467,2.0337
"7152","Tyrosine",3.18796,3.20035,0.00481,2.0337
"7153","Tyrosine",3.93368,3.9256,0.0086,1.5177
"7154","Tyrosine",3.93368,3.93204,0.00838,1.5177
"7155","Tyrosine",3.93368,3.93532,0.00877,1.5177
"7156","Tyrosine",3.93368,3.94176,0.00877,1.5177
"7157","Tyrosine",6.88768,6.8779,0.00039,1.421
"7158","Tyrosine",6.88768,6.87827,0.00076,1.421
"7159","Tyrosine",6.88768,6.88037,0.00016,1.421
"7160","Tyrosine",6.88768,6.88074,6e-05,1.421
"7161","Tyrosine",6.88768,6.88218,0.01156,1.421
"7162","Tyrosine",6.88768,6.88255,0.01194,1.421
"7163","Tyrosine",6.88768,6.88467,0.00289,1.421
"7164","Tyrosine",6.88768,6.88504,0.00298,1.421
"7165","Tyrosine",6.88768,6.89032,0.00381,1.421
"7166","Tyrosine",6.88768,6.89068,0.0014,1.421
"7167","Tyrosine",6.88768,6.89282,0.0118,1.421
"7168","Tyrosine",6.88768,6.89319,0.01432,1.421
"7169","Tyrosine",6.88768,6.89462,0.00017,1.421
"7170","Tyrosine",6.88768,6.89498,0.00017,1.421
"7171","Tyrosine",6.88768,6.89709,0.00118,1.421
"7172","Tyrosine",6.88768,6.89745,3e-04,1.421
"7173","Tyrosine",7.18187,7.17209,0.00042,1.5891
"7174","Tyrosine",7.18187,7.17246,0.00061,1.5891
"7175","Tyrosine",7.18187,7.17456,0.00013,1.5891
"7176","Tyrosine",7.18187,7.17493,4e-05,1.5891
"7177","Tyrosine",7.18187,7.17639,0.01062,1.5891
"7178","Tyrosine",7.18187,7.17676,0.01101,1.5891
"7179","Tyrosine",7.18187,7.17886,0.00275,1.5891
"7180","Tyrosine",7.18187,7.17923,0.00284,1.5891
"7181","Tyrosine",7.18187,7.18451,0.00338,1.5891
"7182","Tyrosine",7.18187,7.18487,0.00125,1.5891
"7183","Tyrosine",7.18187,7.18698,0.00928,1.5891
"7184","Tyrosine",7.18187,7.18734,0.01127,1.5891
"7185","Tyrosine",7.18187,7.18881,0.00014,1.5891
"7186","Tyrosine",7.18187,7.18917,0.00014,1.5891
"7187","Tyrosine",7.18187,7.19128,0.00084,1.5891
"7188","Tyrosine",7.18187,7.19164,0.00024,1.5891
"7359","Leucine",0.94306,0.93922,1.81326,1.7917
"7360","Leucine",0.94306,0.94691,2.01495,1.7917
"7361","Leucine",0.95445,0.95062,1.9758,1.7379
"7362","Leucine",0.95445,0.95827,1.97867,1.7379
"7363","Leucine",1.66953,1.65353,0.0706,2.1382
"7364","Leucine",1.66953,1.6593,0.15329,2.1382
"7365","Leucine",1.66953,1.66416,0.07599,2.1382
"7366","Leucine",1.66953,1.66912,0.02633,2.1382
"7367","Leucine",1.66953,1.66994,0.22553,2.1382
"7368","Leucine",1.66953,1.67489,0.20293,2.1382
"7369","Leucine",1.66953,1.67975,0.05293,2.1382
"7370","Leucine",1.66953,1.68552,0.23953,2.1382
"7371","Leucine",1.69879,1.66835,0.00401,2.2182
"7372","Leucine",1.69879,1.67413,0.02434,2.2182
"7373","Leucine",1.69879,1.676,0.00069,2.2182
"7374","Leucine",1.69879,1.67604,0.01293,2.2182
"7375","Leucine",1.69879,1.67744,0.03032,2.2182
"7376","Leucine",1.69879,1.68178,0.01134,2.2182
"7377","Leucine",1.69879,1.68181,7e-05,2.2182
"7378","Leucine",1.69879,1.68321,0,2.2182
"7379","Leucine",1.69879,1.68366,0.00984,2.2182
"7380","Leucine",1.69879,1.68369,0.00205,2.2182
"7381","Leucine",1.69879,1.68373,0.18042,2.2182
"7382","Leucine",1.69879,1.68509,0.03482,2.2182
"7383","Leucine",1.69879,1.68512,0.00029,2.2182
"7384","Leucine",1.69879,1.68943,0.00331,2.2182
"7385","Leucine",1.69879,1.68947,0.0023,2.2182
"7386","Leucine",1.69879,1.6895,0.00117,2.2182
"7387","Leucine",1.69879,1.69086,0.00051,2.2182
"7388","Leucine",1.69879,1.6909,0.00036,2.2182
"7389","Leucine",1.69879,1.69131,0.19622,2.2182
"7390","Leucine",1.69879,1.69134,0,2.2182
"7391","Leucine",1.69879,1.69138,0.01237,2.2182
"7392","Leucine",1.69879,1.69142,0.01125,2.2182
"7393","Leucine",1.69879,1.69274,0.00015,2.2182
"7394","Leucine",1.69879,1.69278,0.00049,2.2182
"7395","Leucine",1.69879,1.69281,0.07914,2.2182
"7396","Leucine",1.69879,1.69708,0.00029,2.2182
"7397","Leucine",1.69879,1.69712,7e-05,2.2182
"7398","Leucine",1.69879,1.69715,0.00384,2.2182
"7399","Leucine",1.69879,1.69719,7e-05,2.2182
"7400","Leucine",1.69879,1.69851,0.00306,2.2182
"7401","Leucine",1.69879,1.69855,0.05786,2.2182
"7402","Leucine",1.69879,1.69859,0.00598,2.2182
"7403","Leucine",1.69879,1.699,0.11698,2.2182
"7404","Leucine",1.69879,1.69903,0.00126,2.2182
"7405","Leucine",1.69879,1.69907,0.00039,2.2182
"7406","Leucine",1.69879,1.70039,0.00519,2.2182
"7407","Leucine",1.69879,1.70043,0.00407,2.2182
"7408","Leucine",1.69879,1.70047,0.13658,2.2182
"7409","Leucine",1.69879,1.7005,0.00145,2.2182
"7410","Leucine",1.69879,1.70477,0.00027,2.2182
"7411","Leucine",1.69879,1.70481,0,2.2182
"7412","Leucine",1.69879,1.70484,0.00031,2.2182
"7413","Leucine",1.69879,1.70616,0.0613,2.2182
"7414","Leucine",1.69879,1.7062,0,2.2182
"7415","Leucine",1.69879,1.70624,0,2.2182
"7416","Leucine",1.69879,1.70628,5e-04,2.2182
"7417","Leucine",1.69879,1.70668,0,2.2182
"7418","Leucine",1.69879,1.70672,0.11331,2.2182
"7419","Leucine",1.69879,1.70808,0.01232,2.2182
"7420","Leucine",1.69879,1.70812,0,2.2182
"7421","Leucine",1.69879,1.70815,0.09468,2.2182
"7422","Leucine",1.69879,1.71246,0.01306,2.2182
"7423","Leucine",1.69879,1.7125,0.00088,2.2182
"7424","Leucine",1.69879,1.71385,0.00414,2.2182
"7425","Leucine",1.69879,1.71389,0.07451,2.2182
"7426","Leucine",1.69879,1.71393,0.02152,2.2182
"7427","Leucine",1.69879,1.71437,0.0431,2.2182
"7428","Leucine",1.69879,1.71577,0.00767,2.2182
"7429","Leucine",1.69879,1.71581,0.00508,2.2182
"7430","Leucine",1.69879,1.72015,0.08714,2.2182
"7431","Leucine",1.69879,1.72154,0.00173,2.2182
"7432","Leucine",1.69879,1.72158,0.01144,2.2182
"7433","Leucine",1.69879,1.72346,0,2.2182
"7434","Leucine",1.69879,1.72923,0.00592,2.2182
"7435","Leucine",1.73296,1.71744,0.30373,1.9205
"7436","Leucine",1.73296,1.72382,0.14078,1.9205
"7437","Leucine",1.73296,1.72652,0.1443,1.9205
"7438","Leucine",1.73296,1.7329,0.00058,1.9205
"7439","Leucine",1.73296,1.73303,0.3109,1.9205
"7440","Leucine",1.73296,1.7394,0.18303,1.9205
"7441","Leucine",1.73296,1.74211,0.07336,1.9205
"7442","Leucine",1.73296,1.74849,0.06087,1.9205
"7443","Leucine",3.72664,3.71813,0.35608,1.6306
"7444","Leucine",3.72664,3.72451,0.51328,1.6306
"7445","Leucine",3.72664,3.72876,0.29051,1.6306
"7446","Leucine",3.72664,3.73514,0.42247,1.6306
"7447","Isoleucine",0.92637,0.91708,1.42138,1.4105
"7448","Isoleucine",0.92637,0.92631,1.49383,1.4105
"7449","Isoleucine",0.92637,0.92642,1.67151,1.4105
"7450","Isoleucine",0.92637,0.93565,1.56097,1.4105
"7451","Isoleucine",0.99772,0.99334,3.01591,1.4814
"7452","Isoleucine",0.99772,1.00211,3.07618,1.4814
"7453","Isoleucine",1.24855,1.22045,0.05627,1.6135
"7454","Isoleucine",1.24855,1.22968,0.16514,1.6135
"7455","Isoleucine",1.24855,1.23215,0.05764,1.6135
"7456","Isoleucine",1.24855,1.23727,0.06331,1.6135
"7457","Isoleucine",1.24855,1.23891,0.15936,1.6135
"7458","Isoleucine",1.24855,1.24138,0.17007,1.6135
"7459","Isoleucine",1.24855,1.2465,0.19523,1.6135
"7460","Isoleucine",1.24855,1.24814,0.04985,1.6135
"7461","Isoleucine",1.24855,1.24897,0.06456,1.6135
"7462","Isoleucine",1.24855,1.25061,0.16561,1.6135
"7463","Isoleucine",1.24855,1.25573,0.18373,1.6135
"7464","Isoleucine",1.24855,1.2582,0.20229,1.6135
"7465","Isoleucine",1.24855,1.25984,0.04903,1.6135
"7466","Isoleucine",1.24855,1.26495,0.05641,1.6135
"7467","Isoleucine",1.24855,1.26743,0.19023,1.6135
"7468","Isoleucine",1.24855,1.27665,0.05709,1.6135
"7469","Isoleucine",1.45733,1.43191,0.0582,1.7661
"7470","Isoleucine",1.45733,1.43791,0.0587,1.7661
"7471","Isoleucine",1.45733,1.44125,0.17898,1.7661
"7472","Isoleucine",1.45733,1.44725,0.18216,1.7661
"7473","Isoleucine",1.45733,1.44873,0.04451,1.7661
"7474","Isoleucine",1.45733,1.4506,0.1761,1.7661
"7475","Isoleucine",1.45733,1.45472,0.04849,1.7661
"7476","Isoleucine",1.45733,1.4566,0.17378,1.7661
"7477","Isoleucine",1.45733,1.45807,0.15288,1.7661
"7478","Isoleucine",1.45733,1.45994,0.05377,1.7661
"7479","Isoleucine",1.45733,1.46407,0.15772,1.7661
"7480","Isoleucine",1.45733,1.46594,0.04886,1.7661
"7481","Isoleucine",1.45733,1.46741,0.14852,1.7661
"7482","Isoleucine",1.45733,1.47341,0.15296,1.7661
"7483","Isoleucine",1.45733,1.47676,0.04165,1.7661
"7484","Isoleucine",1.45733,1.48276,0.04543,1.7661
"7485","Isoleucine",1.96913,1.94464,0.02475,1.8663
"7486","Isoleucine",1.96913,1.94961,0.02538,1.8663
"7487","Isoleucine",1.96913,1.95064,0.02599,1.8663
"7488","Isoleucine",1.96913,1.95341,0.07949,1.8663
"7489","Isoleucine",1.96913,1.95561,0.03037,1.8663
"7490","Isoleucine",1.96913,1.95634,0.02238,1.8663
"7491","Isoleucine",1.96913,1.95838,0.08099,1.8663
"7492","Isoleucine",1.96913,1.95941,0.08118,1.8663
"7493","Isoleucine",1.96913,1.96131,0.0309,1.8663
"7494","Isoleucine",1.96913,1.96218,0.05829,1.8663
"7495","Isoleucine",1.96913,1.96234,0.0394,1.8663
"7496","Isoleucine",1.96913,1.96438,0.08852,1.8663
"7497","Isoleucine",1.96913,1.96511,0.07286,1.8663
"7498","Isoleucine",1.96913,1.96715,0.09121,1.8663
"7499","Isoleucine",1.96913,1.96731,0.01266,1.8663
"7500","Isoleucine",1.96913,1.96818,0.08177,1.8663
"7501","Isoleucine",1.96913,1.97008,0.08611,1.8663
"7502","Isoleucine",1.96913,1.97096,0.03312,1.8663
"7503","Isoleucine",1.96913,1.97111,0.06062,1.8663
"7504","Isoleucine",1.96913,1.97315,0.0888,1.8663
"7505","Isoleucine",1.96913,1.97388,0.06903,1.8663
"7506","Isoleucine",1.96913,1.97593,0.0563,1.8663
"7507","Isoleucine",1.96913,1.97608,0.04527,1.8663
"7508","Isoleucine",1.96913,1.97695,0.02529,1.8663
"7509","Isoleucine",1.96913,1.97885,0.08328,1.8663
"7510","Isoleucine",1.96913,1.97988,0.06925,1.8663
"7511","Isoleucine",1.96913,1.98192,0.02773,1.8663
"7512","Isoleucine",1.96913,1.98266,0.02123,1.8663
"7513","Isoleucine",1.96913,1.98485,0.07437,1.8663
"7514","Isoleucine",1.96913,1.98763,0.02546,1.8663
"7515","Isoleucine",1.96913,1.98865,0.01966,1.8663
"7516","Isoleucine",1.96913,1.99362,0.02141,1.8663
"7517","Isoleucine",3.66301,3.66053,1.21633,1.287
"7518","Isoleucine",3.66301,3.6655,1.2096,1.287
"8336","Glucose",3.23688,3.22604,0.39844,1.2436
"8337","Glucose",3.23688,3.23597,0.39705,1.2436
"8338","Glucose",3.23688,3.2378,0.43634,1.2436
"8339","Glucose",3.23688,3.24773,0.42664,1.2436
"8340","Glucose",3.3964,3.38457,0.25676,1.3017
"8341","Glucose",3.3964,3.3959,0.34851,1.3017
"8342","Glucose",3.3964,3.3969,0.39902,1.3017
"8343","Glucose",3.3964,3.40822,0.52812,1.3017
"8344","Glucose",3.40588,3.39391,0.15868,1.8535
"8345","Glucose",3.40588,3.40533,0.15881,1.8535
"8346","Glucose",3.40588,3.40647,0.16534,1.8535
"8347","Glucose",3.40588,3.41786,0.16168,1.8535
"8348","Glucose",3.45584,3.44463,0.20557,1.414
"8349","Glucose",3.45584,3.44463,0.20557,1.414
"8350","Glucose",3.45584,3.44741,0.22043,1.414
"8351","Glucose",3.45584,3.45192,0.2267,1.414
"8352","Glucose",3.45584,3.45474,0.20875,1.414
"8353","Glucose",3.45584,3.45692,0.12057,1.414
"8354","Glucose",3.45584,3.45977,0.14055,1.414
"8355","Glucose",3.45584,3.46425,0.14496,1.414
"8356","Glucose",3.45584,3.46706,0.13902,1.414
"8357","Glucose",3.48265,3.4711,0.47403,1.3003
"8358","Glucose",3.48265,3.48236,0.35236,1.3003
"8359","Glucose",3.48265,3.4829,0.4709,1.3003
"8360","Glucose",3.48265,3.49419,0.33515,1.3003
"8361","Glucose",3.52889,3.52039,0.22192,1.2555
"8362","Glucose",3.52889,3.52512,0.22458,1.2555
"8363","Glucose",3.52889,3.53268,0.25215,1.2555
"8364","Glucose",3.52889,3.53739,0.2592,1.2555
"8365","Glucose",3.70631,3.69445,0.23104,1.4356
"8366","Glucose",3.70631,3.70587,0.22478,1.4356
"8367","Glucose",3.70631,3.70672,0.21192,1.4356
"8368","Glucose",3.70631,3.71818,0.18263,1.4356
"8369","Glucose",3.71862,3.70727,0.31553,1.4151
"8370","Glucose",3.71862,3.7146,0.29995,1.4151
"8371","Glucose",3.71862,3.72267,0.36999,1.4151
"8372","Glucose",3.71862,3.72997,0.34594,1.4151
"8373","Glucose",3.75935,3.74855,0.07605,1.7114
"8374","Glucose",3.75935,3.75478,0.16358,1.7114
"8375","Glucose",3.75935,3.76345,0.19028,1.7114
"8376","Glucose",3.75935,3.77016,0.16928,1.7114
"8377","Glucose",3.82043,3.80963,0.09701,1.6551
"8378","Glucose",3.82043,3.80963,0.09701,1.6551
"8379","Glucose",3.82043,3.81241,0.10407,1.6551
"8380","Glucose",3.82043,3.81591,0.05012,1.6551
"8381","Glucose",3.82043,3.81874,0.10505,1.6551
"8382","Glucose",3.82043,3.82218,0.0774,1.6551
"8383","Glucose",3.82043,3.82516,0.11695,1.6551
"8384","Glucose",3.82043,3.82845,0.23421,1.6551
"8385","Glucose",3.82043,3.83123,0.00233,1.6551
"8386","Glucose",3.83601,3.82715,0.12219,1.4603
"8387","Glucose",3.83601,3.82981,0.22185,1.4603
"8388","Glucose",3.83601,3.84204,0.1716,1.4603
"8389","Glucose",3.83601,3.84487,0.13204,1.4603
"8390","Glucose",3.89211,3.88303,0.34354,1.5498
"8391","Glucose",3.89211,3.88581,0.34137,1.5498
"8392","Glucose",3.89211,3.89839,0.29677,1.5498
"8393","Glucose",3.89211,3.90119,0.28073,1.5498
"8394","Glucose",4.63918,4.63421,0.32946,1.1537
"8395","Glucose",4.63918,4.64415,0.32893,1.1537
"8396","Glucose",5.22745,5.2251,0.35812,1.5267
"8397","Glucose",5.22745,5.22981,0.35393,1.5267
"8398","Phenylalanine",3.11512,3.10106,0.34217,2.0494
"8399","Phenylalanine",3.11512,3.11097,0.35139,2.0494
"8400","Phenylalanine",3.11512,3.11928,0.42895,2.0494
"8401","Phenylalanine",3.11512,3.12918,0.4352,2.0494
"8402","Phenylalanine",3.27525,3.26285,0.38587,2.2453
"8403","Phenylalanine",3.27525,3.26942,0.39682,2.2453
"8404","Phenylalanine",3.27525,3.28107,0.31249,2.2453
"8405","Phenylalanine",3.27525,3.28764,0.31676,2.2453
"8406","Phenylalanine",3.9882,3.97997,0.59784,1.2861
"8407","Phenylalanine",3.9882,3.98653,0.63872,1.2861
"8408","Phenylalanine",3.9882,3.98987,0.61374,1.2861
"8409","Phenylalanine",3.9882,3.99644,0.57097,1.2861
"8410","Phenylalanine",7.31866,7.31105,0.01397,1.5119
"8411","Phenylalanine",7.31866,7.31175,0.07009,1.5119
"8412","Phenylalanine",7.31866,7.31253,0.18148,1.5119
"8413","Phenylalanine",7.31866,7.31267,0.14087,1.5119
"8414","Phenylalanine",7.31866,7.31277,0.07361,1.5119
"8415","Phenylalanine",7.31866,7.31318,0.00077,1.5119
"8416","Phenylalanine",7.31866,7.31337,0.20085,1.5119
"8417","Phenylalanine",7.31866,7.31347,0.17876,1.5119
"8418","Phenylalanine",7.31866,7.31407,0.16891,1.5119
"8419","Phenylalanine",7.31866,7.31415,0.14702,1.5119
"8420","Phenylalanine",7.31866,7.3144,0.10589,1.5119
"8421","Phenylalanine",7.31866,7.31472,0.08868,1.5119
"8422","Phenylalanine",7.31866,7.3148,0.0485,1.5119
"8423","Phenylalanine",7.31866,7.3151,0.11424,1.5119
"8424","Phenylalanine",7.31866,7.31569,0.12484,1.5119
"8425","Phenylalanine",7.31866,7.31634,0.1604,1.5119
"8426","Phenylalanine",7.31866,7.32005,0.1285,1.5119
"8427","Phenylalanine",7.31866,7.32075,0.04764,1.5119
"8428","Phenylalanine",7.31866,7.32167,0.05276,1.5119
"8429","Phenylalanine",7.31866,7.32177,0.05417,1.5119
"8430","Phenylalanine",7.31866,7.32237,0.48828,1.5119
"8431","Phenylalanine",7.31866,7.32246,0.09831,1.5119
"8432","Phenylalanine",7.31866,7.32247,0.06064,1.5119
"8433","Phenylalanine",7.31866,7.32311,0.33348,1.5119
"8434","Phenylalanine",7.31866,7.3234,0.10109,1.5119
"8435","Phenylalanine",7.31866,7.32399,0.04568,1.5119
"8436","Phenylalanine",7.31866,7.32408,0.11799,1.5119
"8437","Phenylalanine",7.31866,7.3241,0.10516,1.5119
"8438","Phenylalanine",7.31866,7.32464,0.08063,1.5119
"8439","Phenylalanine",7.31866,7.32473,0.35979,1.5119
"8440","Phenylalanine",7.31866,7.32562,0.10008,1.5119
"8441","Phenylalanine",7.31866,7.32627,0.01202,1.5119
"8442","Phenylalanine",7.36812,7.35724,0.07197,1.5099
"8443","Phenylalanine",7.36812,7.35878,0.09535,1.5099
"8444","Phenylalanine",7.36812,7.35897,0.0644,1.5099
"8445","Phenylalanine",7.36812,7.36051,0.07792,1.5099
"8446","Phenylalanine",7.36812,7.36611,0.03086,1.5099
"8447","Phenylalanine",7.36812,7.36687,0.03973,1.5099
"8448","Phenylalanine",7.36812,7.36764,0.09925,1.5099
"8449","Phenylalanine",7.36812,7.36783,0.22323,1.5099
"8450","Phenylalanine",7.36812,7.36841,0.18146,1.5099
"8451","Phenylalanine",7.36812,7.36859,0.10847,1.5099
"8452","Phenylalanine",7.36812,7.36937,0.03996,1.5099
"8453","Phenylalanine",7.36812,7.37013,0.05782,1.5099
"8454","Phenylalanine",7.36812,7.37573,0.18451,1.5099
"8455","Phenylalanine",7.36812,7.37727,0.17288,1.5099
"8456","Phenylalanine",7.36812,7.37746,0.16375,1.5099
"8457","Phenylalanine",7.36812,7.37899,0.14317,1.5099
"8458","Phenylalanine",7.41879,7.40718,0.07849,1.313
"8459","Phenylalanine",7.41879,7.40788,0.0112,1.313
"8460","Phenylalanine",7.41879,7.40859,0.1006,1.313
"8461","Phenylalanine",7.41879,7.40929,0.44214,1.313
"8462","Phenylalanine",7.41879,7.40972,0.29933,1.313
"8463","Phenylalanine",7.41879,7.41037,0.20388,1.313
"8464","Phenylalanine",7.41879,7.41113,0.05963,1.313
"8465","Phenylalanine",7.41879,7.41178,0.18794,1.313
"8466","Phenylalanine",7.41879,7.41604,0.0328,1.313
"8467","Phenylalanine",7.41879,7.41674,0.06079,1.313
"8468","Phenylalanine",7.41879,7.41711,0.06835,1.313
"8469","Phenylalanine",7.41879,7.41745,0.11401,1.313
"8470","Phenylalanine",7.41879,7.41781,0.21985,1.313
"8471","Phenylalanine",7.41879,7.41815,0.02751,1.313
"8472","Phenylalanine",7.41879,7.41852,0.17951,1.313
"8473","Phenylalanine",7.41879,7.41872,0.14903,1.313
"8474","Phenylalanine",7.41879,7.41922,0.48525,1.313
"8475","Phenylalanine",7.41879,7.41934,0.2304,1.313
"8476","Phenylalanine",7.41879,7.41937,0.13832,1.313
"8477","Phenylalanine",7.41879,7.41999,0.08863,1.313
"8478","Phenylalanine",7.41879,7.42013,0.07136,1.313
"8479","Phenylalanine",7.41879,7.42075,8e-04,1.313
"8480","Phenylalanine",7.41879,7.42078,0.0374,1.313
"8481","Phenylalanine",7.41879,7.4214,0.16054,1.313
"8482","Phenylalanine",7.41879,7.42597,0.11609,1.313
"8483","Phenylalanine",7.41879,7.42667,0.03634,1.313
"8484","Phenylalanine",7.41879,7.42738,0.03902,1.313
"8485","Phenylalanine",7.41879,7.42808,0.22027,1.313
"8486","Phenylalanine",7.41879,7.42834,0.12085,1.313
"8487","Phenylalanine",7.41879,7.42899,0.15323,1.313
"8488","Phenylalanine",7.41879,7.42975,0.07781,1.313
"8489","Phenylalanine",7.41879,7.4304,0.04882,1.313
"8834","Ornithine",1.73762,1.7091,0.02836,2.267
"8835","Ornithine",1.73762,1.71689,0.02247,2.267
"8836","Ornithine",1.73762,1.71865,0.06099,2.267
"8837","Ornithine",1.73762,1.72202,0.02764,2.267
"8838","Ornithine",1.73762,1.72565,0.00124,2.267
"8839","Ornithine",1.73762,1.72623,0.09322,2.267
"8840","Ornithine",1.73762,1.72806,0.02398,2.267
"8841","Ornithine",1.73762,1.72991,0.03072,2.267
"8842","Ornithine",1.73762,1.73204,0.09532,2.267
"8843","Ornithine",1.73762,1.73403,0.01628,2.267
"8844","Ornithine",1.73762,1.73568,0.09134,2.267
"8845","Ornithine",1.73762,1.73647,0,2.267
"8846","Ornithine",1.73762,1.73897,0,2.267
"8847","Ornithine",1.73762,1.73949,0.13317,2.267
"8848","Ornithine",1.73762,1.74187,0.07016,2.267
"8849","Ornithine",1.73762,1.74299,0.05122,2.267
"8850","Ornithine",1.73762,1.74505,0.03267,2.267
"8851","Ornithine",1.73762,1.74652,0.0488,2.267
"8852","Ornithine",1.73762,1.74876,0.07496,2.267
"8853","Ornithine",1.73762,1.74941,0.07333,2.267
"8854","Ornithine",1.73762,1.75281,0.02502,2.267
"8855","Ornithine",1.73762,1.75631,0.09482,2.267
"8856","Ornithine",1.73762,1.75862,0.04293,2.267
"8857","Ornithine",1.73762,1.76613,0.04954,2.267
"8858","Ornithine",1.82031,1.79223,0.04245,2.0655
"8859","Ornithine",1.82031,1.79984,0.05059,2.0655
"8860","Ornithine",1.82031,1.80166,0.07369,2.0655
"8861","Ornithine",1.82031,1.80548,0.04653,2.0655
"8862","Ornithine",1.82031,1.80909,0.10279,2.0655
"8863","Ornithine",1.82031,1.80941,0.01639,2.0655
"8864","Ornithine",1.82031,1.81103,0.0352,2.0655
"8865","Ornithine",1.82031,1.81284,0.05085,2.0655
"8866","Ornithine",1.82031,1.81478,0.08752,2.0655
"8867","Ornithine",1.82031,1.81672,0.03087,2.0655
"8868","Ornithine",1.82031,1.81846,0.06278,2.0655
"8869","Ornithine",1.82031,1.81853,0.0444,2.0655
"8870","Ornithine",1.82031,1.82203,0.09462,2.0655
"8871","Ornithine",1.82031,1.8226,0.03238,2.0655
"8872","Ornithine",1.82031,1.82409,0.04708,2.0655
"8873","Ornithine",1.82031,1.82646,0.04939,2.0655
"8874","Ornithine",1.82031,1.82728,0.03794,2.0655
"8875","Ornithine",1.82031,1.82978,0.04899,2.0655
"8876","Ornithine",1.82031,1.83127,0.05727,2.0655
"8877","Ornithine",1.82031,1.83147,0.04649,2.0655
"8878","Ornithine",1.82031,1.83614,0.0277,2.0655
"8879","Ornithine",1.82031,1.83909,0.10159,2.0655
"8880","Ornithine",1.82031,1.84084,0.01923,2.0655
"8881","Ornithine",1.82031,1.84839,0.04678,2.0655
"8882","Ornithine",1.93198,1.89651,0.03452,1.8482
"8883","Ornithine",1.93198,1.90369,0.04378,1.8482
"8884","Ornithine",1.93198,1.90414,0.02897,1.8482
"8885","Ornithine",1.93198,1.90942,0.00441,1.8482
"8886","Ornithine",1.93198,1.91142,0.04053,1.8482
"8887","Ornithine",1.93198,1.91429,0.16829,1.8482
"8888","Ornithine",1.93198,1.9167,0.00875,1.8482
"8889","Ornithine",1.93198,1.91682,0.013,1.8482
"8890","Ornithine",1.93198,1.92091,0.18811,1.8482
"8891","Ornithine",1.93198,1.9215,0.10785,1.8482
"8892","Ornithine",1.93198,1.92198,0.18088,1.8482
"8893","Ornithine",1.93198,1.92436,0.01907,1.8482
"8894","Ornithine",1.93198,1.92682,0.16509,1.8482
"8895","Ornithine",1.93198,1.92845,0.13663,1.8482
"8896","Ornithine",1.93198,1.92907,0.18654,1.8482
"8897","Ornithine",1.93198,1.9292,0.1285,1.8482
"8898","Ornithine",1.93198,1.93453,0.14513,1.8482
"8899","Ornithine",1.93198,1.93458,0.16317,1.8482
"8900","Ornithine",1.93198,1.93467,0.09534,1.8482
"8901","Ornithine",1.93198,1.93657,0.16018,1.8482
"8902","Ornithine",1.93198,1.9385,0.02542,1.8482
"8903","Ornithine",1.93198,1.94204,0.12152,1.8482
"8904","Ornithine",1.93198,1.9421,0.1081,1.8482
"8905","Ornithine",1.93198,1.94243,0.15294,1.8482
"8906","Ornithine",1.93198,1.94619,0.01059,1.8482
"8907","Ornithine",1.93198,1.94673,0.02021,1.8482
"8908","Ornithine",1.93198,1.9496,0.12499,1.8482
"8909","Ornithine",1.93198,1.95245,0.03137,1.8482
"8910","Ornithine",1.93198,1.95423,0.00538,1.8482
"8911","Ornithine",1.93198,1.9597,0.02281,1.8482
"8912","Ornithine",1.93198,1.96012,0.03484,1.8482
"8913","Ornithine",1.93198,1.96744,0.02021,1.8482
"8914","Ornithine",3.05181,3.04227,0.90234,1.5248
"8915","Ornithine",3.05181,3.05152,0.90148,1.5248
"8916","Ornithine",3.05181,3.0521,0.87254,1.5248
"8917","Ornithine",3.05181,3.06134,0.84392,1.5248
"8918","Ornithine",3.77599,3.76835,0.46363,1.4573
"8919","Ornithine",3.77599,3.77578,0.46837,1.4573
"8920","Ornithine",3.77599,3.7762,0.4981,1.4573
"8921","Ornithine",3.77599,3.78363,0.45058,1.4573
"9059","Lysine",1.43015,1.40181,0.03623,2.0214
"9060","Lysine",1.43015,1.40922,0.01855,2.0214
"9061","Lysine",1.43015,1.41044,0.04349,2.0214
"9062","Lysine",1.43015,1.41265,0.02675,2.0214
"9063","Lysine",1.43015,1.41456,0.0373,2.0214
"9064","Lysine",1.43015,1.41785,0.04554,2.0214
"9065","Lysine",1.43015,1.41888,0.07002,2.0214
"9066","Lysine",1.43015,1.42005,0.02137,2.0214
"9067","Lysine",1.43015,1.42127,0.01632,2.0214
"9068","Lysine",1.43015,1.42196,0.04263,2.0214
"9069","Lysine",1.43015,1.42319,0.03003,2.0214
"9070","Lysine",1.43015,1.42539,0.1001,2.0214
"9071","Lysine",1.43015,1.42629,0.042,2.0214
"9072","Lysine",1.43015,1.42751,0.01381,2.0214
"9073","Lysine",1.43015,1.42868,0.06238,2.0214
"9074","Lysine",1.43015,1.42971,0.05015,2.0214
"9075","Lysine",1.43015,1.43059,0,2.0214
"9076","Lysine",1.43015,1.43162,0.08671,2.0214
"9077","Lysine",1.43015,1.4328,0.05686,2.0214
"9078","Lysine",1.43015,1.43402,0.07434,2.0214
"9079","Lysine",1.43015,1.43492,0.03121,2.0214
"9080","Lysine",1.43015,1.43712,0.07319,2.0214
"9081","Lysine",1.43015,1.43834,0.04853,2.0214
"9082","Lysine",1.43015,1.43903,0.04767,2.0214
"9083","Lysine",1.43015,1.44025,0.05938,2.0214
"9084","Lysine",1.43015,1.44143,0.00584,2.0214
"9085","Lysine",1.43015,1.44246,0.10531,2.0214
"9086","Lysine",1.43015,1.44575,0.06348,2.0214
"9087","Lysine",1.43015,1.44766,0.05342,2.0214
"9088","Lysine",1.43015,1.44987,0.03176,2.0214
"9089","Lysine",1.43015,1.45109,0.09673,2.0214
"9090","Lysine",1.43015,1.45849,0.07529,2.0214
"9091","Lysine",1.49668,1.46851,0.05951,1.93
"9092","Lysine",1.49668,1.4761,0.0687,1.93
"9093","Lysine",1.49668,1.47703,0.04544,1.93
"9094","Lysine",1.49668,1.47895,0.05147,1.93
"9095","Lysine",1.49668,1.48124,0.06331,1.93
"9096","Lysine",1.49668,1.48462,0.09543,1.93
"9097","Lysine",1.49668,1.48558,0.02283,1.93
"9098","Lysine",1.49668,1.48653,0.03082,1.93
"9099","Lysine",1.49668,1.48747,0.07715,1.93
"9100","Lysine",1.49668,1.48882,0.03522,1.93
"9101","Lysine",1.49668,1.48976,0.07329,1.93
"9102","Lysine",1.49668,1.49168,0.05801,1.93
"9103","Lysine",1.49668,1.49316,0.06122,1.93
"9104","Lysine",1.49668,1.4941,0.03196,1.93
"9105","Lysine",1.49668,1.49505,0.11108,1.93
"9106","Lysine",1.49668,1.49602,0,1.93
"9107","Lysine",1.49668,1.49735,0.06086,1.93
"9108","Lysine",1.49668,1.49831,0.06361,1.93
"9109","Lysine",1.49668,1.49926,0.00576,1.93
"9110","Lysine",1.49668,1.5002,0.07028,1.93
"9111","Lysine",1.49668,1.50168,0.10763,1.93
"9112","Lysine",1.49668,1.5036,0.03039,1.93
"9113","Lysine",1.49668,1.50454,0.03799,1.93
"9114","Lysine",1.49668,1.50589,0.02199,1.93
"9115","Lysine",1.49668,1.50683,0.0218,1.93
"9116","Lysine",1.49668,1.50778,0.08325,1.93
"9117","Lysine",1.49668,1.50874,0.06415,1.93
"9118","Lysine",1.49668,1.51212,0.04787,1.93
"9119","Lysine",1.49668,1.51441,0.0294,1.93
"9120","Lysine",1.49668,1.51633,0.05245,1.93
"9121","Lysine",1.49668,1.51727,0.03481,1.93
"9122","Lysine",1.71485,1.70703,0.14964,2.0194
"9123","Lysine",1.71485,1.7086,0.01568,2.0194
"9124","Lysine",1.71485,1.71143,0.02974,1.9314
"9125","Lysine",1.71485,1.71223,0.14083,1.9314
"9126","Lysine",1.71485,1.713,0.07028,1.9314
"9127","Lysine",1.71485,1.71323,0.15499,1.9314
"9128","Lysine",1.71485,1.71379,0,1.9314
"9129","Lysine",1.71485,1.71401,0.13476,1.9314
"9130","Lysine",1.71485,1.71465,0.10228,2.0194
"9131","Lysine",1.71485,1.71481,0.07922,1.9314
"9132","Lysine",1.71485,1.71526,0,2.0194
"9133","Lysine",1.71485,1.7154,0.0733,2.0194
"9134","Lysine",1.71485,1.71555,0.10861,2.0194
"9135","Lysine",1.71485,1.71697,0.14423,2.0194
"9136","Lysine",1.71485,1.71712,0.14205,2.0194
"9137","Lysine",1.71485,1.71786,0.01289,2.0194
"9138","Lysine",1.71485,1.72086,0,1.9314
"9139","Lysine",1.71485,1.72186,0.10111,1.9314
"9140","Lysine",1.71485,1.72266,0.115,1.9314
"9141","Lysine",1.71485,1.72344,0.09775,1.9314
"9142","Lysine",1.71485,1.72363,0,2.0194
"9143","Lysine",1.71485,1.72378,0,2.0194
"9144","Lysine",1.71485,1.72392,0.11409,2.0194
"9145","Lysine",1.71485,1.72453,0.10639,2.0194
"9146","Lysine",1.71485,1.72549,0.0135,2.0194
"9147","Lysine",1.71485,1.7261,0.02931,2.0194
"9148","Lysine",1.71485,1.72623,0.08222,2.0194
"9149","Lysine",1.71485,1.72638,0.12966,2.0194
"9150","Lysine",1.71485,1.73129,0.00328,1.9314
"9151","Lysine",1.71485,1.73215,0.026,2.0194
"9152","Lysine",1.71485,1.7329,0.0059,2.0194
"9153","Lysine",1.71485,1.73305,0.07958,2.0194
"9154","Lysine",1.71485,1.73447,0,2.0194
"9155","Lysine",1.71485,1.73462,0.02157,2.0194
"9156","Lysine",1.71485,1.73475,0.08354,2.0194
"9157","Lysine",1.71485,1.73536,0.01781,2.0194
"9158","Lysine",1.71485,1.74142,0.01679,2.0194
"9159","Lysine",1.71485,1.74299,0,2.0194
"9160","Lysine",1.71485,1.74373,0.01135,2.0194
"9161","Lysine",1.71485,1.74388,0,2.0194
"9162","Lysine",1.71485,1.75225,0,2.0194
"9163","Lysine",1.87733,1.85416,0.05366,1.8398
"9164","Lysine",1.87733,1.86157,0.05767,1.8398
"9165","Lysine",1.87733,1.86219,0.04068,1.8398
"9166","Lysine",1.87733,1.86689,0.03113,1.8398
"9167","Lysine",1.87733,1.86959,0.0613,1.8398
"9168","Lysine",1.87733,1.87234,0.18077,1.8398
"9169","Lysine",1.87733,1.8743,0.00281,1.8398
"9170","Lysine",1.87733,1.87492,0.06813,1.8398
"9171","Lysine",1.87733,1.87974,0.22773,1.8398
"9172","Lysine",1.87733,1.88036,0.06323,1.8398
"9173","Lysine",1.87733,1.88232,0.05282,1.8398
"9174","Lysine",1.87733,1.88507,0.26477,1.8398
"9175","Lysine",1.87733,1.88777,0.18026,1.8398
"9176","Lysine",1.87733,1.89247,0.3438,1.8398
"9177","Lysine",1.87733,1.89247,0.3438,1.8398
"9178","Lysine",1.87733,1.89309,0.03804,1.8398
"9179","Lysine",1.87733,1.9005,0.06725,1.8398
"9180","Lysine",1.90846,1.88559,0.11581,1.8061
"9181","Lysine",1.90846,1.89283,0.13926,1.8061
"9182","Lysine",1.90846,1.89318,0.15107,1.8061
"9183","Lysine",1.90846,1.89834,0.1932,1.8061
"9184","Lysine",1.90846,1.90041,0.27883,1.8061
"9185","Lysine",1.90846,1.90377,0.02692,1.8061
"9186","Lysine",1.90846,1.90557,0.06954,1.8061
"9187","Lysine",1.90846,1.90592,0.27544,1.8061
"9188","Lysine",1.90846,1.911,0.07366,1.8061
"9189","Lysine",1.90846,1.91135,0.00322,1.8061
"9190","Lysine",1.90846,1.91315,0.16872,1.8061
"9191","Lysine",1.90846,1.91651,0.0671,1.8061
"9192","Lysine",1.90846,1.91858,0.02471,1.8061
"9193","Lysine",1.90846,1.92375,0.06649,1.8061
"9194","Lysine",1.90846,1.9241,0.0425,1.8061
"9195","Lysine",1.90846,1.93133,0.04582,1.8061
"9196","Lysine",3.02093,3.02083,0.88177,1.4639
"9197","Lysine",3.02093,3.02224,0.18609,1.4639
"9198","Lysine",3.02093,3.02445,0.05985,1.46
"9199","Lysine",3.02093,3.02888,0.01737,1.46
"9200","Lysine",3.02093,3.0301,1.0889,1.4639
"9201","Lysine",3.02093,3.03282,0,1.46
"9202","Lysine",3.02093,3.03388,0.00505,1.46
"9203","Lysine",3.02093,3.04225,0,1.46
"9204","Lysine",3.74993,3.74231,0.56221,1.53
"9205","Lysine",3.74993,3.74954,0.61362,1.53
"9206","Lysine",3.74993,3.75033,0.50337,1.53
"9207","Lysine",3.74993,3.75756,0.55811,1.53
"12055","Proline",1.97868,1.95225,0.0253,1.3212
"12056","Proline",1.97868,1.96057,0.01951,1.3212
"12057","Proline",1.97868,1.9615,0.02135,1.3212
"12058","Proline",1.97868,1.96155,0.02104,1.3212
"12059","Proline",1.97868,1.96171,0.04691,1.3212
"12060","Proline",1.97868,1.96878,0.05874,1.3212
"12061","Proline",1.97868,1.96982,0.03283,1.3212
"12062","Proline",1.97868,1.96986,0.0336,1.3212
"12063","Proline",1.97868,1.97003,0.02659,1.3212
"12064","Proline",1.97868,1.9708,0.06612,1.3212
"12065","Proline",1.97868,1.97096,0.02619,1.3212
"12066","Proline",1.97868,1.97101,0.01288,1.3212
"12067","Proline",1.97868,1.97709,0.06562,1.3212
"12068","Proline",1.97868,1.97803,0.14761,1.3212
"12069","Proline",1.97868,1.97808,0.03638,1.3212
"12070","Proline",1.97868,1.97824,0.05446,1.3212
"12071","Proline",1.97868,1.97911,0.00229,1.3212
"12072","Proline",1.97868,1.97928,0.05257,1.3212
"12073","Proline",1.97868,1.97932,0.07527,1.3212
"12074","Proline",1.97868,1.98026,0.03366,1.3212
"12075","Proline",1.97868,1.98635,0.19951,1.3212
"12076","Proline",1.97868,1.98639,0.03852,1.3212
"12077","Proline",1.97868,1.98655,0.01765,1.3212
"12078","Proline",1.97868,1.98733,0.17159,1.3212
"12079","Proline",1.97868,1.98749,0.06255,1.3212
"12080","Proline",1.97868,1.98754,0.04456,1.3212
"12081","Proline",1.97868,1.98857,0.05308,1.3212
"12082","Proline",1.97868,1.99564,0.09285,1.3212
"12083","Proline",1.97868,1.99581,0.0546,1.3212
"12084","Proline",1.97868,1.99585,0.146,1.3212
"12085","Proline",1.97868,1.99679,0.08238,1.3212
"12086","Proline",1.97868,2.0051,0.05042,1.3212
"12087","Proline",2.01184,1.98621,0.06172,1.4267
"12088","Proline",2.01184,1.99454,0.2139,1.4267
"12089","Proline",2.01184,1.9948,0.02602,1.4267
"12090","Proline",2.01184,1.99481,0.04153,1.4267
"12091","Proline",2.01184,1.99543,0.04706,1.4267
"12092","Proline",2.01184,2.00274,0.0884,1.4267
"12093","Proline",2.01184,2.00313,0.06039,1.4267
"12094","Proline",2.01184,2.00315,0.05346,1.4267
"12095","Proline",2.01184,2.0034,0.09918,1.4267
"12096","Proline",2.01184,2.00376,0.0117,1.4267
"12097","Proline",2.01184,2.00402,0.03828,1.4267
"12098","Proline",2.01184,2.00403,0.23005,1.4267
"12099","Proline",2.01184,2.01107,0.0149,1.4267
"12100","Proline",2.01184,2.01132,0.02058,1.4267
"12101","Proline",2.01184,2.01134,0.05798,1.4267
"12102","Proline",2.01184,2.01173,0.14104,1.4267
"12103","Proline",2.01184,2.01196,0.01046,1.4267
"12104","Proline",2.01184,2.01235,0.00683,1.4267
"12105","Proline",2.01184,2.01236,0.00879,1.4267
"12106","Proline",2.01184,2.01262,0.20279,1.4267
"12107","Proline",2.01184,2.01965,0.05883,1.4267
"12108","Proline",2.01184,2.01967,0.03174,1.4267
"12109","Proline",2.01184,2.01992,0.01447,1.4267
"12110","Proline",2.01184,2.02029,0.00722,1.4267
"12111","Proline",2.01184,2.02054,0.00656,1.4267
"12112","Proline",2.01184,2.02056,0.05592,1.4267
"12113","Proline",2.01184,2.02095,0.08464,1.4267
"12114","Proline",2.01184,2.02826,0.08179,1.4267
"12115","Proline",2.01184,2.02887,0.01914,1.4267
"12116","Proline",2.01184,2.02889,0.01031,1.4267
"12117","Proline",2.01184,2.02914,0.01317,1.4267
"12118","Proline",2.01184,2.03748,0.05976,1.4267
"12119","Proline",2.05851,2.03729,0.14854,1.3008
"12120","Proline",2.05851,2.04544,0.19584,1.3008
"12121","Proline",2.05851,2.04588,0.0349,1.3008
"12122","Proline",2.05851,2.04675,0.14629,1.3008
"12123","Proline",2.05851,2.05353,0.18371,1.3008
"12124","Proline",2.05851,2.05402,0.09464,1.3008
"12125","Proline",2.05851,2.0549,0.12612,1.3008
"12126","Proline",2.05851,2.05534,0.07363,1.3008
"12127","Proline",2.05851,2.06168,0.17063,1.3008
"12128","Proline",2.05851,2.06212,0.12177,1.3008
"12129","Proline",2.05851,2.06299,0.13383,1.3008
"12130","Proline",2.05851,2.06348,0.09541,1.3008
"12131","Proline",2.05851,2.07026,0.14413,1.3008
"12132","Proline",2.05851,2.07114,0.06756,1.3008
"12133","Proline",2.05851,2.07158,0.15771,1.3008
"12134","Proline",2.05851,2.07972,0.10188,1.3008
"12135","Proline",2.33905,2.31667,0.13804,1.2888
"12136","Proline",2.33905,2.32498,0.17479,1.2888
"12137","Proline",2.33905,2.32589,0.12263,1.2888
"12138","Proline",2.33905,2.32766,0.13505,1.2888
"12139","Proline",2.33905,2.33291,0.13844,1.2888
"12140","Proline",2.33905,2.3342,0.11934,1.2888
"12141","Proline",2.33905,2.33597,0.1974,1.2888
"12142","Proline",2.33905,2.33688,0.09227,1.2888
"12143","Proline",2.33905,2.34122,0.16038,1.2888
"12144","Proline",2.33905,2.34213,0.08933,1.2888
"12145","Proline",2.33905,2.3439,0.14192,1.2888
"12146","Proline",2.33905,2.34519,0.12095,1.2888
"12147","Proline",2.33905,2.35044,0.10555,1.2888
"12148","Proline",2.33905,2.35222,0.15173,1.2888
"12149","Proline",2.33905,2.35312,0.11086,1.2888
"12150","Proline",2.33905,2.36143,0.11319,1.2888
"12151","Proline",3.32807,3.31188,0.23481,1.3035
"12152","Proline",3.32807,3.32048,0.271,1.3035
"12153","Proline",3.32807,3.32118,0.20392,1.3035
"12154","Proline",3.32807,3.32636,0.32271,1.3035
"12155","Proline",3.32807,3.32978,0.22122,1.3035
"12156","Proline",3.32807,3.33496,0.362,1.3035
"12157","Proline",3.32807,3.33565,0.30176,1.3035
"12158","Proline",3.32807,3.34425,0.31916,1.3035
"12159","Proline",3.41267,3.39665,0.28153,1.504
"12160","Proline",3.41267,3.40498,0.30219,1.504
"12161","Proline",3.41267,3.4059,0.26733,1.504
"12162","Proline",3.41267,3.41112,0.18942,1.504
"12163","Proline",3.41267,3.41423,0.27353,1.504
"12164","Proline",3.41267,3.41945,0.21338,1.504
"12165","Proline",3.41267,3.42037,0.19026,1.504
"12166","Proline",3.41267,3.4287,0.19305,1.504
"12167","Proline",4.12074,4.11117,0.47435,1.3998
"12168","Proline",4.12074,4.11932,0.45584,1.3998
"12169","Proline",4.12074,4.12216,0.4771,1.3998
"12170","Proline",4.12074,4.13031,0.45757,1.3998
"12653","Sarcosine",2.73137,2.73137,8.94138,1.0032
"12654","Sarcosine",3.60342,3.60342,6.2362,0.9823
